{
    "Dummy": {
        "accuracy": 0.6766666666666666,
        "f1": 0.0,
        "roc_auc": 0.5
    },
    "LogisticRegression": {
        "accuracy": 0.8275,
        "f1": 0.7076271186440678,
        "roc_auc": 0.8746905312071505
    },
    "DecisionTree": {
        "accuracy": 0.8766666666666667,
        "f1": 0.8,
        "roc_auc": 0.9069205157178407
    },
    "RandomForest": {
        "accuracy": 0.9275,
        "f1": 0.8822733423545331,
        "roc_auc": 0.9665603099131583
    },
    "GradientBoosting": {
        "accuracy": 0.9308333333333333,
        "f1": 0.8896276595744681,
        "roc_auc": 0.9684492598141282
    },
    "Stacking": {
        "accuracy": 0.9295833333333333,
        "f1": 0.8885959129861569,
        "roc_auc": 0.9662107688791836
    }
}