{"ds1": {"KMeans": {"sil": 0.5216395622404243, "db": 0.6853295219054456, "ch": 11786.954622671532, "params": {"k": 2}}, "DBSCAN": {"sil": 0.5216395622404243, "db": 0.6853295219054456, "ch": 11786.954622671532, "params": {"eps": 1.7000000000000002, "min_samples": 3}, "noise": 0.0}}, "ds2": {"KMeans": {"sil": 0.3068610017701601, "db": 1.3234721699867644, "ch": 3573.3933329348392, "params": {"k": 2}}, "DBSCAN": {"sil": 0.33648265962483037, "db": 6.143556897996802, "ch": 10.910430147918776, "params": {"eps": 0.8, "min_samples": 7}, "noise": 0.007125}}, "ds3": {"KMeans": {"sil": 0.31554470037825183, "db": 1.1577256320598661, "ch": 6957.162639510167, "params": {"k": 3}}, "DBSCAN": {"sil": 0.3180502320726709, "db": 5.635759053815316, "ch": 10.118307229120877, "params": {"eps": 0.8, "min_samples": 3}, "noise": 0.0014666666666666667}}}